Date,D4/ExceptionalDrought,D3/ExtremeDrought,D2/SevereDrought,D1/ModerateDrought,D0/Abnormally Dry,None
1/14/2020,0,0,0,0,3.61,96.39
1/7/2020,0,0,0,0,3.57,96.43
12/31/2019,0,0,0,0,3.57,96.43
12/24/2019,0,0,0,0,3.57,96.43
12/17/2019,0,0,0,0,3.57,96.43
12/10/2019,0,0,0,0,3.57,96.43
12/3/2019,0,0,0,0.01,85.26,14.74
11/26/2019,0,0,0.01,3.31,90.78,9.22
11/19/2019,0,0,0.01,3.59,81.45,18.55
11/12/2019,0,0,0.01,3.57,81.39,18.61
11/5/2019,0,0,0,2.06,17.74,82.26
10/29/2019,0,0,0,2.06,17.74,82.26
10/22/2019,0,0,0,2.06,17.74,82.26
10/15/2019,0,0,0,2.06,14.6,85.4
10/8/2019,0,0,0,2.06,4.71,95.29
10/1/2019,0,0,0,2.06,4.71,95.29
9/24/2019,0,0,0,2.06,10.27,89.73
9/17/2019,0,0,0,2.06,10.39,89.61
9/10/2019,0,0,0.01,1.09,9.06,90.94
9/3/2019,0,0,0,1.09,9.06,90.94
8/27/2019,0,0,0,1.09,9.06,90.94
8/20/2019,0,0,0,0,6.73,93.27
8/13/2019,0,0,0,0,5.93,94.07
8/6/2019,0,0,0,0,4.45,95.55
7/30/2019,0,0,0,0,4.32,95.68
7/23/2019,0,0,0,0,4.32,95.68
7/16/2019,0,0,0,0,4.32,95.68
7/9/2019,0,0,0,0,4.32,95.68
7/2/2019,0,0,0,0,4.32,95.68
6/25/2019,0,0,0,0,4.32,95.68
6/18/2019,0,0,0,0,4.32,95.68
6/11/2019,0,0,0,0,4.32,95.68
6/4/2019,0,0,0,0,4.32,95.68
5/28/2019,0,0,0,0,5.97,94.03
5/21/2019,0,0,0,0,5.97,94.03
5/14/2019,0,0,0,0,5.97,94.03
5/7/2019,0,0,0,0,5.97,94.03
4/30/2019,0,0,0,0,5.97,94.03
4/23/2019,0,0,0,0,5.97,94.03
4/16/2019,0,0,0,0,5.97,94.03
4/9/2019,0,0,0,0,5.97,94.03
4/2/2019,0,0,0,0,6.58,93.42
3/26/2019,0,0,0,0,6.58,93.42
3/19/2019,0,0,0,0,6.58,93.42
3/12/2019,0,0,0,0,6.58,93.42
3/5/2019,0,0,0,0.6,10.16,89.84
2/26/2019,0,0,0,2.33,12.83,87.17
2/19/2019,0,0,1.36,3.77,32.93,67.07
2/12/2019,0,0,1.63,10.55,63.23,36.77
2/5/2019,0,0,1.89,10.55,65.63,34.37
1/29/2019,0,0,1.89,23.66,76.07,23.93
1/22/2019,0,0.71,3.44,72.23,92.23,7.77
1/15/2019,0,0.71,5.54,75.17,92.23,7.77
1/8/2019,0,1.55,14.12,75.17,92.23,7.77
1/1/2019,0,2.1,14.12,75.17,92.23,7.77
12/25/2018,0,2.1,16.24,75.17,92.23,7.77
12/18/2018,0,2.1,16.87,75.17,92.23,7.77
12/11/2018,0,2.1,16.87,75.17,92.23,7.77
12/4/2018,0,3.78,18.34,79.69,92.23,7.77
11/27/2018,0,3.78,18.33,83.66,100,0
11/20/2018,0,3.78,18.36,77.62,100,0
11/13/2018,0,2.39,18.35,53.2,100,0
11/6/2018,0,2.39,18.35,51.92,100,0
10/30/2018,0,2.73,19.3,47.94,84.84,15.16
10/23/2018,0,2.73,19.3,47.94,84.84,15.16
10/16/2018,0,2.87,22.77,47.94,84.84,15.16
10/9/2018,0,4.87,22.77,47.94,84.84,15.16
10/2/2018,0,4.93,22.82,47.97,87.82,12.18
9/25/2018,0,4.94,22.82,47.97,87.82,12.18
9/18/2018,0,4.94,22.82,47.97,87.82,12.18
9/11/2018,0,4.94,22.82,47.97,87.82,12.18
9/4/2018,0,2.77,22.89,47.58,86.22,13.78
8/28/2018,0,2.77,21.05,47.58,86.22,13.78
8/21/2018,0,2.77,20.75,47.19,86.22,13.78
8/14/2018,0,2.77,20.75,47.19,86.16,13.84
8/7/2018,0,2.77,20.75,45.05,86.16,13.84
7/31/2018,0,2.77,20.75,44.8,86.16,13.84
7/24/2018,0,2.77,20.75,44.73,86.18,13.82
7/17/2018,0,2.77,20.75,44.14,85.15,14.85
7/10/2018,0,2.77,20.75,44.12,85.15,14.85
7/3/2018,0,2.77,20.75,44.17,85.15,14.85
6/26/2018,0,2.77,20.75,44.17,85.08,14.92
6/19/2018,0,2.77,20.75,37.07,69.63,30.37
6/12/2018,0,2.77,20.75,37.07,69.61,30.39
6/5/2018,0,2.78,20.75,37.08,69.61,30.39
5/29/2018,0,2.78,20.75,37.08,69.51,30.49
5/22/2018,0,2.78,20.75,37.08,69.51,30.49
5/15/2018,0,2.8,20.83,37.15,69.51,30.49
5/8/2018,0,2.8,13.99,37.1,65.81,34.19
5/1/2018,0,2.8,13.99,37.1,65.9,34.1
4/24/2018,0,2.55,13.77,37.1,65.9,34.1
4/17/2018,0,2.5,13.77,37.1,65.9,34.1
4/10/2018,0,2.5,13.77,37.1,66.15,33.85
4/3/2018,0,2.5,12.72,40.9,77.01,22.99
3/27/2018,0,2.5,12.56,40.77,77.01,22.99
3/20/2018,0,0.43,22.31,47.68,88.92,11.08
3/13/2018,0,0.43,22.31,47.68,88.92,11.08
3/6/2018,0,0.43,22.4,47.87,91.52,8.48
2/27/2018,0,0,19.98,47.87,91.52,8.48
2/20/2018,0,0,19.98,47.87,91.57,8.43
2/13/2018,0,0,19.98,45.71,81.71,18.29
2/6/2018,0,0,6.39,45.6,81.73,18.27
1/30/2018,0,0,4.92,43.72,73.33,26.67
1/23/2018,0,0,0,12.69,54.52,45.48
1/16/2018,0,0,0,12.69,46.79,53.21
1/9/2018,0,0,0,12.69,46.42,53.58
1/2/2018,0,0,0,12.69,44.3,55.7
12/26/2017,0,0,0,12.69,44.3,55.7
12/19/2017,0,0,0,12.69,44.3,55.7
12/12/2017,0,0,0,9.9,44.3,55.7
12/5/2017,0,0,0,9.9,34.62,65.38
11/28/2017,0,0,0,8.24,26.02,73.98
11/21/2017,0,0,0,8.24,26.02,73.98
11/14/2017,0,0,0,8.24,26.02,73.98
11/7/2017,0,0,0,8.24,22.1,77.9
10/31/2017,0,0,0,8.24,22.1,77.9
10/24/2017,0,0,0,8.24,22.1,77.9
10/17/2017,0,0,0,8.24,22.12,77.88
10/10/2017,0,0,0,8.24,22.12,77.88
10/3/2017,0,0,0,8.24,22.12,77.88
9/26/2017,0,0,0,8.24,22.12,77.88
9/19/2017,0,0,0.04,8.24,22.12,77.88
9/12/2017,0,0,0.04,8.24,22.12,77.88
9/5/2017,0,0,0.04,8.24,22.12,77.88
8/29/2017,0,0,0.04,8.24,22.12,77.88
8/22/2017,0,0,0.04,8.24,22.12,77.88
8/15/2017,0,0,0.04,8.24,22.14,77.86
8/8/2017,0,0,1.06,8.24,22.14,77.86
8/1/2017,0,0,1.06,8.24,22.14,77.86
7/25/2017,0,0,1.06,8.24,24.27,75.73
7/18/2017,0,0,1.06,8.24,24.31,75.69
7/11/2017,0,0,1.06,8.24,23.54,76.46
7/4/2017,0,0,1.06,8.24,23.54,76.46
6/27/2017,0,0,1.06,8.24,23.53,76.47
6/20/2017,0,0,1.06,8.24,23.53,76.47
6/13/2017,0,0,1.06,8.24,23.53,76.47
6/6/2017,0,0,1.06,8.24,23.53,76.47
5/30/2017,0,0,1.06,8.24,23.53,76.47
5/23/2017,0,0,1.06,8.24,23.53,76.47
5/16/2017,0,0,1.06,8.24,23.53,76.47
5/9/2017,0,0,1.06,8.24,23.53,76.47
5/2/2017,0,0,1.06,8.24,23.53,76.47
4/25/2017,0,0,1.06,8.24,23.46,76.54
4/18/2017,0,0,1.06,8.24,23.46,76.54
4/11/2017,0,0,1.06,8.24,23.46,76.54
4/4/2017,0,0,1.06,8.24,23.46,76.54
3/28/2017,0,0,1.06,8.24,23.46,76.54
3/21/2017,0,0,1.06,8.24,23.46,76.54
3/14/2017,0,0,1.06,8.24,23.46,76.54
3/7/2017,0,0,1.1,8.24,23.46,76.54
2/28/2017,0,0,4.08,8.73,25.51,74.49
2/21/2017,0,0,4.19,16.87,38.34,61.66
2/14/2017,0,0.73,7.41,24.19,56.06,43.94
2/7/2017,0,0.73,10.93,46.99,58.54,41.46
1/31/2017,0,1.87,20.3,50.8,61.02,38.98
1/24/2017,0,2.16,26.46,51.4,61.27,38.73
1/17/2017,2.13,24.3,44.35,57.51,64.44,35.56
1/10/2017,2.13,27.8,49.22,58.22,65.38,34.62
1/3/2017,18.31,38.17,54.02,67.61,81.93,18.07
12/27/2016,18.31,40.6,57.79,68.87,82.53,17.47
12/20/2016,19.75,41.55,59.09,70.11,84.91,15.09
12/13/2016,21.04,42.8,60.27,73.04,87.84,12.16
12/6/2016,21.04,42.8,60.27,73.04,87.97,12.03
11/29/2016,21.04,42.8,60.27,73.04,87.97,12.03
11/22/2016,21.04,42.8,60.27,73.04,87.97,12.03
11/15/2016,21.04,42.8,60.27,73.04,87.97,12.03
11/8/2016,21.04,42.8,60.27,73.04,87.97,12.03
11/1/2016,21.04,42.8,61.38,75.26,87.97,12.03
10/25/2016,21.04,42.8,61.8,81.12,91.04,8.96
10/18/2016,21.04,42.8,61.8,81.12,92.23,7.77
10/11/2016,21.04,42.8,62.27,83.59,100,0
10/4/2016,21.04,42.8,62.27,83.59,100,0
9/27/2016,21.04,42.8,62.27,83.59,100,0
9/20/2016,21.04,42.8,62.27,83.59,100,0
9/13/2016,21.04,42.8,62.27,83.59,100,0
9/6/2016,21.04,42.8,59.02,83.59,100,0
8/30/2016,21.04,42.8,59.02,83.59,100,0
8/23/2016,21.04,42.8,59.02,83.59,100,0
8/16/2016,21.04,42.8,59.02,83.59,100,0
8/9/2016,21.04,42.8,59.02,83.59,100,0
8/2/2016,21.04,42.8,59.02,83.59,100,0
7/26/2016,21.04,42.8,59.02,83.59,100,0
7/19/2016,21.04,42.8,59.02,83.59,100,0
7/12/2016,21.04,42.8,59.02,83.59,100,0
7/5/2016,21.04,42.8,59.02,83.59,100,0
6/28/2016,21.04,42.8,59.02,83.59,100,0
6/21/2016,21.04,42.8,59.02,83.59,100,0
6/14/2016,21.04,42.8,59.02,83.59,100,0
6/7/2016,21.04,42.99,59.02,83.91,95.73,4.27
5/31/2016,21.04,42.99,59.02,83.91,93.92,6.08
5/24/2016,21.04,42.99,61,86.39,94.5,5.5
5/17/2016,21.04,42.99,63.57,86.39,94.5,5.5
5/10/2016,21.04,47.92,72.72,89.68,95.73,4.27
5/3/2016,21.04,49.15,74.37,89.68,95.73,4.27
4/26/2016,21.04,49.15,74.37,90.09,95.76,4.24
4/19/2016,21.04,49.15,74.37,90.09,95.76,4.24
4/12/2016,31.68,55.25,74.37,90.58,96.45,3.55
4/5/2016,31.68,55.25,74.37,90.58,96.45,3.55
3/29/2016,34.74,55.25,72.82,90.58,96.45,3.55
3/22/2016,34.74,55.31,72.86,91.55,98.84,1.16
3/15/2016,34.74,55.31,73.64,93.28,99.57,0.43
3/8/2016,38.48,60.86,83.16,97.49,99.57,0.43
3/1/2016,38.48,60.86,82.66,95.13,99.57,0.43
2/23/2016,38.48,60.86,81.82,94.38,99.57,0.43
2/16/2016,38.48,61.4,81.82,94.69,99.71,0.29
2/9/2016,38.48,61.4,81.82,94.77,99.78,0.22
2/2/2016,39.41,63.9,86.13,95.26,100,0
1/26/2016,40.21,63.96,86.13,95.35,100,0
1/19/2016,42.66,68.15,86.13,97.17,100,0
1/12/2016,42.66,69.07,87.55,97.33,100,0
1/5/2016,44.84,69.07,87.55,97.33,100,0
12/29/2015,44.84,69.07,87.55,97.33,100,0
12/22/2015,44.84,69.09,90.63,97.33,100,0
12/15/2015,44.84,69.09,90.63,97.33,99.86,0.14
12/8/2015,44.84,69.09,92.26,97.33,99.86,0.14
12/1/2015,44.84,70.55,92.26,97.33,99.86,0.14
11/24/2015,44.84,70.55,92.26,97.33,99.86,0.14
11/17/2015,44.84,70.55,92.26,97.33,99.86,0.14
11/10/2015,44.84,70.55,92.27,97.33,99.86,0.14
11/3/2015,44.84,70.55,92.27,97.33,99.86,0.14
10/27/2015,46,71.08,92.27,97.33,99.86,0.14
10/20/2015,46,71.08,92.27,97.33,99.86,0.14
10/13/2015,46,71.08,92.36,97.33,99.86,0.14
10/6/2015,46,71.08,92.36,97.33,99.86,0.14
9/29/2015,46,71.08,92.36,97.33,99.86,0.14
9/22/2015,46,71.08,92.36,97.33,99.86,0.14
9/15/2015,46,71.08,92.36,97.33,99.86,0.14
9/8/2015,46,71.08,92.36,97.35,99.86,0.14
9/1/2015,46,71.08,92.36,97.35,99.86,0.14
8/25/2015,46,71.08,92.36,97.35,99.86,0.14
8/18/2015,46,71.08,92.36,97.35,99.86,0.14
8/11/2015,46,71.08,92.36,97.35,99.86,0.14
8/4/2015,46,71.08,94.59,97.35,99.86,0.14
7/28/2015,46,71.08,94.59,97.35,99.86,0.14
7/21/2015,46,71.08,94.59,97.35,99.86,0.14
7/14/2015,46,71.08,94.59,98.71,99.86,0.14
7/7/2015,46.73,71.08,94.59,98.71,99.86,0.14
6/30/2015,46.73,71.08,94.59,98.71,99.86,0.14
6/23/2015,46.73,71.08,94.59,98.71,99.86,0.14
6/16/2015,46.73,71.08,94.59,98.71,99.86,0.14
6/9/2015,46.73,71.08,93.91,98.71,99.86,0.14
6/2/2015,46.73,69.61,93.91,98.71,99.86,0.14
5/26/2015,46.73,66.6,93.91,98.71,99.86,0.14
5/19/2015,46.77,66.6,93.91,98.28,99.86,0.14
5/12/2015,46.77,66.6,93.91,98.28,99.86,0.14
5/5/2015,46.77,66.6,93.91,98.28,99.86,0.14
4/28/2015,46.77,66.6,93.44,98.11,99.86,0.14
4/21/2015,46.77,66.6,93.44,98.11,99.86,0.14
4/14/2015,44.32,66.6,93.44,98.11,99.86,0.14
4/7/2015,44.32,66.6,93.44,98.11,99.85,0.15
3/31/2015,41.41,66.6,93.44,98.11,99.85,0.15
3/24/2015,41.41,66.6,93.44,98.11,99.85,0.15
3/17/2015,39.92,67.46,93.44,98.11,99.84,0.16
3/10/2015,39.92,67.46,93.44,98.11,99.84,0.16
3/3/2015,39.92,67.46,93.44,98.1,99.84,0.16
2/24/2015,39.92,67.46,93.44,98.1,99.84,0.16
2/17/2015,41.2,67.46,93.44,98.1,99.84,0.16
2/10/2015,39.99,67.46,93.44,98.1,99.84,0.16
2/3/2015,39.99,77.46,93.57,98.13,99.84,0.16
1/27/2015,39.99,77.52,94.34,98.13,100,0
1/20/2015,39.15,77.52,94.34,98.13,100,0
1/13/2015,39.15,77.52,94.34,98.12,100,0
1/6/2015,32.21,77.94,94.34,98.12,100,0
12/30/2014,32.21,77.94,94.34,98.12,100,0
12/23/2014,32.21,77.94,94.42,98.41,100,0
12/16/2014,32.21,77.94,94.42,98.41,100,0
12/9/2014,55.08,79.69,94.42,99.72,100,0
12/2/2014,55.08,79.69,94.42,99.72,100,0
11/25/2014,55.08,79.69,94.42,99.72,100,0
11/18/2014,55.08,79.69,94.42,99.72,100,0
11/11/2014,55.08,79.69,94.42,99.72,100,0
11/4/2014,55.08,79.69,94.42,99.71,100,0
10/28/2014,58.41,81.92,95.04,100,100,0
10/21/2014,58.41,81.92,95.04,100,100,0
10/14/2014,58.41,81.92,95.04,100,100,0
10/7/2014,58.41,81.92,95.04,100,100,0
9/30/2014,58.41,81.92,95.04,100,100,0
9/23/2014,58.41,81.92,95.34,100,100,0
9/16/2014,58.41,81.92,95.42,100,100,0
9/9/2014,58.41,81.92,95.42,100,100,0
9/2/2014,58.41,81.92,95.42,100,100,0
8/26/2014,58.41,81.92,95.42,100,100,0
8/19/2014,58.41,81.92,97.59,100,100,0
8/12/2014,58.41,81.92,99.8,100,100,0
8/5/2014,58.41,81.92,99.8,100,100,0
7/29/2014,58.41,81.89,100,100,100,0
7/22/2014,36.49,81.89,100,100,100,0
7/15/2014,36.49,81.85,100,100,100,0
7/8/2014,36.46,78.97,100,100,100,0
7/1/2014,36.46,78.97,100,100,100,0
6/24/2014,32.98,76.69,100,100,100,0
6/17/2014,32.98,76.69,100,100,100,0
6/10/2014,24.77,76.68,100,100,100,0
6/3/2014,24.77,76.68,100,100,100,0
5/27/2014,24.77,76.68,100,100,100,0
5/20/2014,24.77,76.68,100,100,100,0
5/13/2014,24.77,76.68,100,100,100,0
5/6/2014,24.77,76.68,95.93,100,100,0
4/29/2014,24.77,76.68,96.01,100,100,0
4/22/2014,24.77,76.68,96.01,100,100,0
4/15/2014,23.49,68.76,95.21,99.8,100,0
4/8/2014,23.49,68.76,95.21,99.81,100,0
4/1/2014,23.49,68.76,95.21,99.81,100,0
3/25/2014,23.42,71.78,95.21,99.8,100,0
3/18/2014,22.37,71.78,93.08,99.8,99.99,0.01
3/11/2014,22.37,65.89,90.81,94.56,99.99,0.01
3/4/2014,22.37,65.89,90.82,94.56,100,0
2/25/2014,26.21,73.83,90.82,94.56,100,0
2/18/2014,14.62,68.3,90.82,94.54,100,0
2/11/2014,9.81,60.94,91.59,94.54,98.57,1.43
2/4/2014,9.81,67.13,89.91,94.18,98.57,1.43
1/28/2014,8.77,67.13,89.91,94.18,98.57,1.43
1/21/2014,0,62.71,89.91,94.18,98.57,1.43
1/14/2014,0,62.71,89.91,94.18,98.57,1.43
1/7/2014,0,27.59,87.53,94.25,98.57,1.43
12/31/2013,0,27.59,87.53,94.25,97.39,2.61
12/24/2013,0,27.59,84.88,94.25,97.39,2.61
12/17/2013,0,27.59,82.53,94.25,97.39,2.61
12/10/2013,0,27.59,82.53,94.15,97.39,2.61
12/3/2013,0,27.59,82.53,94.15,97.39,2.61
11/26/2013,0,27.59,82.53,94.15,97.39,2.61
11/19/2013,0,27.59,84.12,96,97.39,2.61
11/12/2013,0,11.36,84.12,96,97.39,2.61
11/5/2013,0,11.36,84.12,95.98,97.38,2.62
10/29/2013,0,11.36,84.12,95.98,97.34,2.66
10/22/2013,0,11.36,84.12,95.98,97.34,2.66
10/15/2013,0,11.36,84.12,95.95,97.35,2.65
10/8/2013,0,11.36,84.12,95.95,97.48,2.52
10/1/2013,0,11.36,84.12,95.95,97.37,2.63
9/24/2013,0,11.36,89.84,96.04,97.37,2.63
9/17/2013,0,11.36,89.84,96.04,97.37,2.63
9/10/2013,0,11.36,92.94,97.08,100,0
9/3/2013,0,11.36,92.94,97.08,100,0
8/27/2013,0,11.36,93.86,98.23,100,0
8/20/2013,0,11.36,93.86,98.23,100,0
8/13/2013,0,11.36,93.86,98.23,100,0
8/6/2013,0,0,93.86,98.23,100,0
7/30/2013,0,0,93.86,98.23,100,0
7/23/2013,0,0,93.96,98.23,100,0
7/16/2013,0,0,93.96,98.23,100,0
7/9/2013,0,0,92.7,98.23,100,0
7/2/2013,0,0,92.7,98.23,100,0
6/25/2013,0,0,92.61,98.21,100,0
6/18/2013,0,0,67.07,98.21,100,0
6/11/2013,0,0,53.54,98.16,100,0
6/4/2013,0,0,53.64,98.16,100,0
5/28/2013,0,0,46.25,98.16,100,0
5/21/2013,0,0,46.25,98.16,100,0
5/14/2013,0,0,46.25,98.16,100,0
5/7/2013,0,0,46.25,98.16,100,0
4/30/2013,0,0,32.82,64.3,100,0
4/23/2013,0,0,30,63.42,97.16,2.84
4/16/2013,0,0,23.22,48.39,97.16,2.84
4/9/2013,0,0,23.22,48.39,97.16,2.84
4/2/2013,0,0,24.22,48.38,100,0
3/26/2013,0,0,24.22,48.38,100,0
3/19/2013,0,0,24.19,48.38,87.15,12.85
3/12/2013,0,0,24.19,46.23,84.37,15.63
3/5/2013,0,0,26.96,47.37,99.97,0.03
2/26/2013,0,0,26.96,47.13,99.98,0.02
2/19/2013,0,0,23.72,47.18,84.55,15.45
2/12/2013,0,0,23.72,47.18,65.47,34.53
2/5/2013,0,0,21.57,47.18,65.8,34.2
1/29/2013,0,0,21.57,47.18,65.8,34.2
1/22/2013,0,0,21.57,53.58,65.8,34.2
1/15/2013,0,0,21.57,53.58,65.8,34.2
1/8/2013,0,0,21.37,55.02,67.58,32.42
1/1/2013,0,0,22.5,55.32,68.25,31.75
12/25/2012,0,0.05,25.22,56.19,69.06,30.94
12/18/2012,0,0.05,26.15,56.19,69.06,30.94
12/11/2012,0,0.05,26.59,57.94,69.06,30.94
12/4/2012,0,0.05,26.59,59.36,76.85,23.15
11/27/2012,0,1.14,28.16,70.47,93.23,6.77
11/20/2012,0,1.14,21.61,67.67,95.18,4.82
11/13/2012,0,1.14,19.1,66.37,92.81,7.19
11/6/2012,0,1.14,19.1,67.75,92.81,7.19
10/30/2012,0,1.14,19.1,68.48,93.27,6.73
10/23/2012,0,1.14,19.1,68.48,93.25,6.75
10/16/2012,0,1.14,19.1,68.48,93.36,6.64
10/9/2012,0,1.14,21.98,69.57,93.36,6.64
10/2/2012,0,1.14,21.98,69.41,88.06,11.94
9/25/2012,0,1.14,22.27,69.41,88.05,11.95
9/18/2012,0,1.14,22.27,69.09,88.05,11.95
9/11/2012,0,1.14,22.31,69.13,88.26,11.74
9/4/2012,0,1.14,22.76,69.28,88.26,11.74
8/28/2012,0,1.14,23.05,69.44,88.26,11.74
8/21/2012,0,0.29,23.3,69.2,88.7,11.3
8/14/2012,0,0.29,23.31,63.84,88.7,11.3
8/7/2012,0,0.29,23.31,63.8,88.36,11.64
7/31/2012,0,0.29,23.6,63.8,88.36,11.64
7/24/2012,0,0.29,26.85,63.8,88.36,11.64
7/17/2012,0,0,22.92,59.74,84.12,15.88
7/10/2012,0,0,22.92,59.74,84.12,15.88
7/3/2012,0,0,22.92,59.77,84.12,15.88
6/26/2012,0,0,22.76,59.51,84.11,15.89
6/19/2012,0,0,22.6,59.51,84.11,15.89
6/12/2012,0,0,22.6,58.89,84.11,15.89
6/5/2012,0,0,22.6,58.89,84.11,15.89
5/29/2012,0,0,22.6,58.89,84.11,15.89
5/22/2012,0,0,22.6,58.89,84.11,15.89
5/15/2012,0,0,22.6,58.89,84.11,15.89
5/8/2012,0,0,21.14,58.89,84.11,15.89
5/1/2012,0,0,21.14,58.97,84.16,15.84
4/24/2012,0,0,22.87,60.23,84.16,15.84
4/17/2012,0,0,26.35,60.23,84.16,15.84
4/10/2012,0,0,49,81.47,95.11,4.89
4/3/2012,0,0,46.25,82.01,96.46,3.54
3/27/2012,0,0,46.25,89.61,97.78,2.22
3/20/2012,0,0,40.14,89.61,97.78,2.22
3/13/2012,0,0,45.73,90.14,99.89,0.11
3/6/2012,0,0,16.02,75.24,95.61,4.39
2/28/2012,0,0,16.02,72.09,95.61,4.39
2/21/2012,0,0,5.06,67.76,95.23,4.77
2/14/2012,0,0,0,59.06,89.63,10.37
2/7/2012,0,0,0,59.06,89.63,10.37
1/31/2012,0,0,0,57.33,88.91,11.09
1/24/2012,0,0,0,41.23,80.88,19.12
1/17/2012,0,0,3.1,46.34,81.26,18.74
1/10/2012,0,0,3.1,46.34,80.9,19.1
1/3/2012,0,0,0,46.34,70.09,29.91
12/27/2011,0,0,0,5.41,66.09,33.91
12/20/2011,0,0,0,0,28.42,71.58
12/13/2011,0,0,0,0,25.68,74.32
12/6/2011,0,0,0,0,17.47,82.53
11/29/2011,0,0,0,0,11.68,88.32
11/22/2011,0,0,0,0,11.58,88.42
11/15/2011,0,0,0,0,11.58,88.42
11/8/2011,0,0,0,0,11.49,88.51
11/1/2011,0,0,0,0,10.78,89.22
10/25/2011,0,0,0,0,10.75,89.25
10/18/2011,0,0,0,0,10.75,89.25
10/11/2011,0,0,0,0,10.75,89.25
10/4/2011,0,0,0,0,10.75,89.25
9/27/2011,0,0,0,0,10.86,89.14
9/20/2011,0,0,0,0,10.86,89.14
9/13/2011,0,0,0,0,12.64,87.36
9/6/2011,0,0,0,0,12.45,87.55
8/30/2011,0,0,0,0,7.86,92.14
8/23/2011,0,0,0,0,7.88,92.12
8/16/2011,0,0,0,0,7.88,92.12
8/9/2011,0,0,0,0,14.66,85.34
8/2/2011,0,0,0,0,14.66,85.34
7/26/2011,0,0,0,0,14.66,85.34
7/19/2011,0,0,0,0,14.66,85.34
7/12/2011,0,0,0,0,12.13,87.87
7/5/2011,0,0,0,0,12.29,87.71
6/28/2011,0,0,0,0,12.29,87.71
6/21/2011,0,0,0,0,0.01,99.99
6/14/2011,0,0,0,0,0.01,99.99
6/7/2011,0,0,0,0,0.01,99.99
5/31/2011,0,0,0,0,0.01,99.99
5/24/2011,0,0,0,0,0.01,99.99
5/17/2011,0,0,0,0,0.01,99.99
5/10/2011,0,0,0,0,0.01,99.99
5/3/2011,0,0,0,0,0.01,99.99
4/26/2011,0,0,0,0,0.01,99.99
4/19/2011,0,0,0,0,0.01,99.99
4/12/2011,0,0,0,0,0.01,99.99
4/5/2011,0,0,0,0,0.01,99.99
3/29/2011,0,0,0,0,0.06,99.94
3/22/2011,0,0,0,0,3.13,96.87
3/15/2011,0,0,0,0,5.8,94.2
3/8/2011,0,0,0,0,5.8,94.2
3/1/2011,0,0,0,0,0.06,99.94
2/22/2011,0,0,0,0,0.06,99.94
2/15/2011,0,0,0,0,22.66,77.34
2/8/2011,0,0,0,0,22.66,77.34
2/1/2011,0,0,0,0,0.06,99.94
1/25/2011,0,0,0,0,0.06,99.94
1/18/2011,0,0,0,0,0.06,99.94
1/11/2011,0,0,0,0,0.07,99.93
1/4/2011,0,0,0,0,1.38,98.62
12/28/2010,0,0,0,0,1.38,98.62
12/21/2010,0,0,0,0,5.14,94.86
12/14/2010,0,0,0,1.25,20.44,79.56
12/7/2010,0,0,0,2.14,21.07,78.93
11/30/2010,0,0,0,2.41,18.33,81.67
11/23/2010,0,0,0,2.41,9.86,90.14
11/16/2010,0,0,0.19,4.62,9.86,90.14
11/9/2010,0,0,0.19,4.62,9.86,90.14
11/2/2010,0,0,0.19,4.62,9.86,90.14
10/26/2010,0,0,0.19,4.62,9.86,90.14
10/19/2010,0,0,0.24,6.07,11.92,88.08
10/12/2010,0,0,0.24,6.07,11.92,88.08
10/5/2010,0,0,0.24,8.08,14.56,85.44
9/28/2010,0,0,0.24,8.08,14.56,85.44
9/21/2010,0,0,0.24,8.08,14.56,85.44
9/14/2010,0,0,0.24,8.08,14.56,85.44
9/7/2010,0,0,0.24,8.08,14.56,85.44
8/31/2010,0,0,0.24,8.08,14.56,85.44
8/24/2010,0,0,0.24,8.08,14.56,85.44
8/17/2010,0,0,0.24,8.08,14.56,85.44
8/10/2010,0,0,0.24,8.08,14.56,85.44
8/3/2010,0,0,0.24,8.08,14.56,85.44
7/27/2010,0,0,0.24,8.08,12.54,87.46
7/20/2010,0,0,0.24,8.08,12.21,87.79
7/13/2010,0,0,0.24,8.08,12.03,87.97
7/6/2010,0,0,0.24,8.08,12.03,87.97
6/29/2010,0,0,0.24,8.08,12.03,87.97
6/22/2010,0,0,0.24,8.08,12.03,87.97
6/15/2010,0,0,0.24,8.08,12.03,87.97
6/8/2010,0,0,5.97,8.08,12.03,87.97
6/1/2010,0,0,5.97,8.08,12.98,87.02
5/25/2010,0,0,5.97,8.08,12.98,87.02
5/18/2010,0,0,6.96,8.58,18.7,81.3
5/11/2010,0,0,7.09,9.13,27.31,72.69
5/4/2010,0,0,7.1,9.89,27.18,72.82
4/27/2010,0,0,7.1,9.89,27.18,72.82
4/20/2010,0,0,7.1,9.89,32.39,67.61
4/13/2010,0,0,7.1,9.89,32.24,67.76
4/6/2010,0,0,7.1,9.89,36.79,63.21
3/30/2010,0,0,7.1,9.91,36.76,63.24
3/23/2010,0,0,7.1,9.91,35.71,64.29
3/16/2010,0,0,6.75,10.14,33.92,66.08
3/9/2010,0,0,5.88,10.91,33.33,66.67
3/2/2010,0,0,4.28,10.72,35.41,64.59
2/23/2010,0,0,4.28,10.72,35.41,64.59
2/16/2010,0,0,4.28,10.98,35.95,64.05
2/9/2010,0,0,2.19,10.98,55.68,44.32
2/2/2010,0,0,2.19,18.75,56.81,43.19
1/26/2010,0,0,2.19,19.41,57.39,42.61
1/19/2010,0,0,13.98,63.2,92.06,7.94
1/12/2010,0,0,21.22,72.94,93.44,6.56
1/5/2010,0,0,9.04,72.75,93.44,6.56
12/29/2009,0,0,9.24,72.16,93.44,6.56
12/22/2009,0,0,9.24,72.16,93.44,6.56
12/15/2009,0,0,9.24,72.16,93.44,6.56
12/8/2009,0,0,17.26,74.05,92.28,7.72
12/1/2009,0,0,17.26,74.05,92.28,7.72
11/24/2009,0,0,17.26,73.62,91.6,8.4
11/17/2009,0,0,17.7,77.32,92.41,7.59
11/10/2009,0,0,17.7,77.32,92.41,7.59
11/3/2009,0,0,17.7,77.35,92.41,7.59
10/27/2009,0,0,17.7,62.51,90.91,9.09
10/20/2009,0,0,17.7,61.23,89.41,10.59
10/13/2009,0,0,45.82,73.44,100,0
10/6/2009,0,0,45.82,73.44,100,0
9/29/2009,0,0,45.82,73.44,100,0
9/22/2009,0,0,45.82,73.44,100,0
9/15/2009,0,0,45.82,73.44,100,0
9/8/2009,0,0,45.82,73.44,100,0
9/1/2009,0,0,45.82,73.44,100,0
8/25/2009,0,0,42.8,72.86,99.98,0.02
8/18/2009,0,0,42.8,72.86,99.98,0.02
8/11/2009,0,0,42.8,72.86,99.2,0.8
8/4/2009,0,0,44.26,72.86,99.22,0.78
7/28/2009,0,0,44.26,72.86,97.53,2.47
7/21/2009,0,0,44.26,72.86,97.53,2.47
7/14/2009,0,0,44.26,72.86,97.53,2.47
7/7/2009,0,0,44.26,72.86,97.53,2.47
6/30/2009,0,0,44.26,72.01,97.14,2.86
6/23/2009,0,0,44.26,72.01,97.14,2.86
6/16/2009,0,0,44.26,72.01,97.19,2.81
6/9/2009,0,0,44.26,72,97.28,2.72
6/2/2009,0,0,44.25,72.32,97.28,2.72
5/26/2009,0,0,35.29,72.11,96.38,3.62
5/19/2009,0,0,35.29,72.11,96.38,3.62
5/12/2009,0,0,35.29,72.11,96.35,3.65
5/5/2009,0,0,35.29,72.11,96.35,3.65
4/28/2009,0,0,38.81,73,96.35,3.65
4/21/2009,0,0,38.81,73,96.35,3.65
4/14/2009,0,0,35.49,62.69,94.85,5.15
4/7/2009,0,0,35.49,62.69,94.85,5.15
3/31/2009,0,0,22.53,63.83,94.85,5.15
3/24/2009,0,0,22.53,63.83,94.85,5.15
3/17/2009,0,0,22.5,63.83,94.85,5.15
3/10/2009,0,0,22.5,62.32,94.85,5.15
3/3/2009,0,4.37,41.84,70.73,94.85,5.15
2/24/2009,0,14.78,49.69,70.73,94.85,5.15
2/17/2009,0,16.7,50.06,70.73,94.85,5.15
2/10/2009,0,19,54.7,78.76,99.1,0.9
2/3/2009,0,19.01,54.7,89.43,99.23,0.77
1/27/2009,0,15.94,48.9,88.21,98.77,1.23
1/20/2009,0,12.97,48.9,88.21,98.29,1.71
1/13/2009,0,2.77,44.08,88.21,98.29,1.71
1/6/2009,0,2.77,41.26,88.21,98.29,1.71
12/30/2008,0,2.77,43.02,88.21,98.31,1.69
12/23/2008,0,2.77,43.02,88.79,99.93,0.07
12/16/2008,0,5.83,50.72,93.97,100,0
12/9/2008,0,3.21,49.19,87.41,100,0
12/2/2008,0,0,41.34,86.02,100,0
11/25/2008,0,0,41.34,86.02,95.29,4.71
11/18/2008,0,0,41.34,86.02,95.29,4.71
11/11/2008,0,0,41.34,86.02,95.29,4.71
11/4/2008,0,0,40.37,90.51,100,0
10/28/2008,0,0,55.56,93.55,100,0
10/21/2008,0,0,55.62,93.48,100,0
10/14/2008,0,0,55.11,95.81,99.95,0.05
10/7/2008,0,0,55,95.9,99.96,0.04
9/30/2008,0,2.05,55.23,95.9,99.96,0.04
9/23/2008,0,2.05,55.23,95.9,99.96,0.04
9/16/2008,0,0,48.77,95.9,99.96,0.04
9/9/2008,0,0,48.77,95.9,99.96,0.04
9/2/2008,0,0,44.47,98.43,99.96,0.04
8/26/2008,0,0,43.07,97.69,99.96,0.04
8/19/2008,0,0,41.38,96.88,99.96,0.04
8/12/2008,0,0,38.7,88.88,99.96,0.04
8/5/2008,0,0,38.7,88.88,99.94,0.06
7/29/2008,0,0,38.7,88.88,99.94,0.06
7/22/2008,0,0,16.57,88.88,99.88,0.12
7/15/2008,0,0,18.07,89.2,99.94,0.06
7/8/2008,0,0,18.07,89.2,99.86,0.14
7/1/2008,0,0,18.07,89.2,99.86,0.14
6/24/2008,0,0,18.07,89.2,99.86,0.14
6/17/2008,0,0,18.07,89.2,99.83,0.17
6/10/2008,0,0,9.26,63.74,95.31,4.69
6/3/2008,0,0,9.26,63.74,95.22,4.78
5/27/2008,0,0,9.26,47.51,91.09,8.91
5/20/2008,0,0,9.26,48.43,92.25,7.75
5/13/2008,0,0,9.26,48.43,92.25,7.75
5/6/2008,0,0,9.26,48.43,92.27,7.73
4/29/2008,0,0,9.26,45.66,92.71,7.29
4/22/2008,0,0,5.45,39.61,75.42,24.58
4/15/2008,0,0,5.45,39.61,75.42,24.58
4/8/2008,0,0,5.45,39.61,63.23,36.77
4/1/2008,0,0,3.83,31.58,55.48,44.52
3/25/2008,0,0,3.88,30.08,55.48,44.52
3/18/2008,0,0,13.33,34.28,55.48,44.52
3/11/2008,0,0,13.33,34.28,55.48,44.52
3/4/2008,0,0,13.33,34.28,55.48,44.52
2/26/2008,0,0,13.33,34.28,55.48,44.52
2/19/2008,0,0,14.06,37.46,81.73,18.27
2/12/2008,0,0,14.06,37.37,81.73,18.27
2/5/2008,0,0,14.06,36.63,81.77,18.23
1/29/2008,0,0,14.83,41.6,81.77,18.23
1/22/2008,0,0,32.8,79.85,88.64,11.36
1/15/2008,0,0,32.8,79.77,88.64,11.36
1/8/2008,0,0,31.56,79.77,88.64,11.36
1/1/2008,0,14.55,58.04,84.7,91.13,8.87
12/25/2007,0,14.54,58.04,84.7,91.13,8.87
12/18/2007,0,14.54,58.04,84.7,91.13,8.87
12/11/2007,0,14.55,58.04,84.83,91.13,8.87
12/4/2007,0,14.53,58.04,84.83,91.13,8.87
11/27/2007,0,33.68,58.02,84.83,91.13,8.87
11/20/2007,0,33.68,58.02,84.83,91.13,8.87
11/13/2007,0,33.67,58.02,84.83,91.13,8.87
11/6/2007,0,33.69,58.3,84.83,91.13,8.87
10/30/2007,0,33.68,58.3,84.83,91.13,8.87
10/23/2007,0,33.74,64.62,86.09,94.39,5.61
10/16/2007,0,33.76,64.62,92.56,98.83,1.17
10/9/2007,0,33.75,64.62,92.56,99.9,0.1
10/2/2007,0,33.76,64.62,92.56,100,0
9/25/2007,0,33.76,64.62,92.56,100,0
9/18/2007,0,35.23,65.34,92.56,100,0
9/11/2007,0,35.22,65.34,92.56,100,0
9/4/2007,0,35.22,65.34,92.56,100,0
8/28/2007,0,35.21,65.34,92.56,100,0
8/21/2007,0,35.23,65.34,92.32,100,0
8/14/2007,0,35.23,65.34,92.32,100,0
8/7/2007,0,35.15,65.34,92.32,100,0
7/31/2007,0,35.15,65.34,92.32,100,0
7/24/2007,0,35.15,65.34,92.32,100,0
7/17/2007,0,35.15,65.34,92.32,100,0
7/10/2007,0,35.15,65.34,92.32,100,0
7/3/2007,0,35.14,65.34,92.32,100,0
6/26/2007,0,34.31,65.34,92.32,100,0
6/19/2007,0,34.31,65.34,92.32,100,0
6/12/2007,0,34.4,65.34,92.32,96.69,3.31
6/5/2007,0,34.4,65.34,92.32,96.69,3.31
5/29/2007,0,34.4,65.34,92.32,96.69,3.31
5/22/2007,0,34.39,65.34,92.06,96.69,3.31
5/15/2007,0,28.65,60.45,89.76,96.69,3.31
5/8/2007,0,28.65,51.64,82.35,92.49,7.51
5/1/2007,0,28.65,51.64,82.35,92.49,7.51
4/24/2007,0,28.65,51.64,82.43,92.25,7.75
4/17/2007,0,28.65,56.13,87.3,96.23,3.77
4/10/2007,0,21.32,38.57,82.27,94.7,5.3
4/3/2007,0,21.32,33.01,63.02,91.48,8.52
3/27/2007,0,21.32,33.69,60.74,80.05,19.95
3/20/2007,0,21.23,32.59,59.6,74.56,25.44
3/13/2007,0,21.23,32.59,59.37,74.59,25.41
3/6/2007,0,0,28.8,54.02,74.59,25.41
2/27/2007,0,0,28.8,54.02,74.59,25.41
2/20/2007,0,0,29.64,59.19,84.82,15.18
2/13/2007,0,0,29.73,54.44,75.05,24.95
2/6/2007,0,0,24.23,61.27,90.36,9.64
1/30/2007,0,0,22.87,61.27,90.18,9.82
1/23/2007,0,0,17.72,46.97,89.28,10.72
1/16/2007,0,0,2.62,27.15,65.03,34.97
1/9/2007,0,0,2.62,27.15,65.03,34.97
1/2/2007,0,0,0,26.77,59.27,40.73
12/26/2006,0,0,0,11.64,59.65,40.35
12/19/2006,0,0,0,11.64,59.65,40.35
12/12/2006,0,0,0,0.79,50.21,49.79
12/5/2006,0,0,0,0.79,55.97,44.03
11/28/2006,0,0,0,0.82,22.28,77.72
11/21/2006,0,0,0,0.82,22.36,77.64
11/14/2006,0,0,0,0.82,15.43,84.57
11/7/2006,0,0,0,0.82,15.43,84.57
10/31/2006,0,0,0,0.82,15.43,84.57
10/24/2006,0,0,0,0.82,15.43,84.57
10/17/2006,0,0,0,0.82,15.43,84.57
10/10/2006,0,0,0,0.82,14.85,85.15
10/3/2006,0,0,0,0.82,14.85,85.15
9/26/2006,0,0,0,0.82,15.03,84.97
9/19/2006,0,0,0,0.82,15.03,84.97
9/12/2006,0,0,0.13,2.62,15.03,84.97
9/5/2006,0,0,0.13,2.62,15.21,84.79
8/29/2006,0,0,0,0.05,6.77,93.23
8/22/2006,0,0,0,0.06,6.97,93.03
8/15/2006,0,0,0,0.16,7.73,92.27
8/8/2006,0,0,0,0.12,7.73,92.27
8/1/2006,0,0,0,0.12,7.73,92.27
7/25/2006,0,0,0,0.12,7.73,92.27
7/18/2006,0,0,0,0.12,7.73,92.27
7/11/2006,0,0,0,0.12,8,92
7/4/2006,0,0,0,0.07,8.3,91.7
6/27/2006,0,0,0,0.07,8.24,91.76
6/20/2006,0,0,0,0.07,7.54,92.46
6/13/2006,0,0,0,0.07,7.54,92.46
6/6/2006,0,0,0,0.07,7.54,92.46
5/30/2006,0,0,0,0.07,7.54,92.46
5/23/2006,0,0,0,0.07,7.64,92.36
5/16/2006,0,0,0,0.07,7.64,92.36
5/9/2006,0,0,0,0,7.64,92.36
5/2/2006,0,0,0,0.01,7.64,92.36
4/25/2006,0,0,0,0.16,7.08,92.92
4/18/2006,0,0,0,0.16,7.08,92.92
4/11/2006,0,0,0,0.16,7.08,92.92
4/4/2006,0,0,0,0.16,7.53,92.47
3/28/2006,0,0,0,0.55,8.38,91.62
3/21/2006,0,0,0,0.55,16.41,83.59
3/14/2006,0,0,0,0.52,16.41,83.59
3/7/2006,0,0,0,0.52,21.82,78.18
2/28/2006,0,0,0,0.48,24.14,75.86
2/21/2006,0,0,0,0,15.79,84.21
2/14/2006,0,0,0,0,13.41,86.59
2/7/2006,0,0,0,0,13.32,86.68
1/31/2006,0,0,0,0,2.92,97.08
1/24/2006,0,0,0,0,2.92,97.08
1/17/2006,0,0,0,0,2.92,97.08
1/10/2006,0,0,0,0,3.4,96.6
1/3/2006,0,0,0,0,1.68,98.32
12/27/2005,0,0,0,0,6.09,93.91
12/20/2005,0,0,0,0,6.31,93.69
12/13/2005,0,0,0,0,9.97,90.03
12/6/2005,0,0,0,0,9.97,90.03
11/29/2005,0,0,0,0,24.77,75.23
11/22/2005,0,0,0,0,0.34,99.66
11/15/2005,0,0,0,0,0.34,99.66
11/8/2005,0,0,0,0,0.34,99.66
11/1/2005,0,0,0,0,0.42,99.58
10/25/2005,0,0,0,0,0.42,99.58
10/18/2005,0,0,0,0,0.42,99.58
10/11/2005,0,0,0,0,0.42,99.58
10/4/2005,0,0,0,0,0.42,99.58
9/27/2005,0,0,0,0,0.42,99.58
9/20/2005,0,0,0,0.05,0.59,99.41
9/13/2005,0,0,0,0.06,0.8,99.2
9/6/2005,0,0,0,0.06,0.8,99.2
8/30/2005,0,0,0,0.06,1.16,98.84
8/23/2005,0,0,0,0.06,1.15,98.85
8/16/2005,0,0,0,0.06,0.96,99.04
8/9/2005,0,0,0,0.06,0.97,99.03
8/2/2005,0,0,0,0.06,1.04,98.96
7/26/2005,0,0,0,0.06,0.99,99.01
7/19/2005,0,0,0,0.06,0.99,99.01
7/12/2005,0,0,0,0.06,0.99,99.01
7/5/2005,0,0,0,0.06,0.99,99.01
6/28/2005,0,0,0,0.06,0.99,99.01
6/21/2005,0,0,0,0.06,1.29,98.71
6/14/2005,0,0,0,0.06,1.52,98.48
6/7/2005,0,0,0,0.06,1.52,98.48
5/31/2005,0,0,0,0.06,1.52,98.48
5/24/2005,0,0,0,0.06,1.52,98.48
5/17/2005,0,0,0,0.06,1.52,98.48
5/10/2005,0,0,0,1.09,3,97
5/3/2005,0,0,0,2.09,4.47,95.53
4/26/2005,0,0,0,2.09,3.84,96.16
4/19/2005,0,0,0,2.09,3.84,96.16
4/12/2005,0,0,0.04,2.64,4.54,95.46
4/5/2005,0,0,0.04,2.63,5.46,94.54
3/29/2005,0,0,0.21,2.87,4.65,95.35
3/22/2005,0,0,0.21,3,12.03,87.97
3/15/2005,0,0,0.21,3,12.03,87.97
3/8/2005,0,0,0,1.3,9.88,90.12
3/1/2005,0,0,0,1.22,9.6,90.4
2/22/2005,0,0,0,1.22,11.43,88.57
2/15/2005,0,0,0,1.22,11.43,88.57
2/8/2005,0,0,0,4.1,10.2,89.8
2/1/2005,0,0,0,4.1,11.07,88.93
1/25/2005,0,0,0.21,4.1,11.76,88.24
1/18/2005,0,0,0.21,4.1,11.63,88.37
1/11/2005,0,0,0.21,4.1,16.6,83.4
1/4/2005,0,0,1.77,7.85,30.95,69.05
12/28/2004,0,0,3.98,28.85,59.54,40.46
12/21/2004,0,0,3.98,29.37,67.77,32.23
12/14/2004,0,0,3.98,29.37,67.77,32.23
12/7/2004,0,0,4.84,29.37,73.38,26.62
11/30/2004,0,0,8.64,30.21,73.54,26.46
11/23/2004,0,0,8.3,31.28,75.77,24.23
11/16/2004,0,0,8.3,31.28,75.77,24.23
11/9/2004,0,0,8.3,31.28,79.16,20.84
11/2/2004,0,0,10.42,31.28,81.59,18.41
10/26/2004,0,0,10.42,40.55,81.77,18.23
10/19/2004,0,0,18.25,55.82,87.79,12.21
10/12/2004,0,0,21.1,61.08,94.59,5.41
10/5/2004,0,0,21.1,61.08,94.59,5.41
9/28/2004,0,0,21.1,61.08,94.59,5.41
9/21/2004,0,0,21.1,61.08,94.74,5.26
9/14/2004,0,0,21.1,61.08,94.65,5.35
9/7/2004,0,0,22.45,61.29,94.8,5.2
8/31/2004,0,0,22.45,61.29,94.9,5.1
8/24/2004,0,0,21.79,60.59,89.37,10.63
8/17/2004,0,0,21.79,60.59,89.38,10.62
8/10/2004,0,0,25.3,60.59,89.38,10.62
8/3/2004,0,0,14.97,52.05,84.36,15.64
7/27/2004,0,0,14.97,52.05,85.19,14.81
7/20/2004,0,0,9.89,52.02,85.19,14.81
7/13/2004,0,0,8.32,52.05,85.19,14.81
7/6/2004,0,0,8.32,52.05,85.19,14.81
6/29/2004,0,0,7.57,50.9,85.36,14.64
6/22/2004,0,0,7.57,50.66,82.05,17.95
6/15/2004,0,0,7.67,50.41,82.33,17.67
6/8/2004,0,0,7.67,50.41,82.33,17.67
6/1/2004,0,0,6.66,50.36,81.61,18.39
5/25/2004,0,0,6.96,48.33,83.1,16.9
5/18/2004,0,0,6.96,46.06,82.93,17.07
5/11/2004,0,0,6.96,46.06,82.93,17.07
5/4/2004,0,0,6.96,46.06,83.19,16.81
4/27/2004,0,0,6.96,22.67,70.79,29.21
4/20/2004,0,0,5.78,19.01,68.36,31.64
4/13/2004,0,0,5.78,19.01,68.36,31.64
4/6/2004,0,0,5.43,16.45,37.92,62.08
3/30/2004,0,0,7.94,17.16,38.15,61.85
3/23/2004,0,0,7.94,17.16,26,74
3/16/2004,0,0,7.94,17.16,26,74
3/9/2004,0,0,7.94,17.16,26,74
3/2/2004,0,0,7.94,17.16,26,74
2/24/2004,0,0,7.78,17.2,29.38,70.62
2/17/2004,0,0,7.78,17.2,32.53,67.47
2/10/2004,0,0,7.78,17.2,32.53,67.47
2/3/2004,0,0,7.79,17.3,32.82,67.18
1/27/2004,0,0,7.67,17.3,32.82,67.18
1/20/2004,0,0,7.67,18.38,33.99,66.01
1/13/2004,0,0,9.51,23.23,34.73,65.27
1/6/2004,0,0,8.05,20.28,30.45,69.55
12/30/2003,0,0,9.47,20.28,32.66,67.34
12/23/2003,0,0.01,9.8,32.06,52.16,47.84
12/16/2003,0,0.02,9.75,30.57,51.09,48.91
12/9/2003,0,0.01,8.86,29.64,52.54,47.46
12/2/2003,0,0,9.84,30.7,56.27,43.73
11/25/2003,0,0,10.91,30.69,53.81,46.19
11/18/2003,0,0.03,11.56,32.1,55.44,44.56
11/11/2003,0,0,10.2,31.34,54.13,45.87
11/4/2003,0,0,11.07,33.06,70.86,29.14
10/28/2003,0,0.02,11.32,42.17,93.4,6.6
10/21/2003,0,0,11.27,26.49,73.23,26.77
10/14/2003,0,0,9.48,23.96,71.75,28.25
10/7/2003,0,0,10.65,25.28,33.09,66.91
9/30/2003,0,0,8.94,23.86,32.02,67.98
9/23/2003,0,0,10.71,25.47,33.08,66.92
9/16/2003,0,0,10.18,24.9,32.75,67.25
9/9/2003,0,0.01,9.39,27.52,34.17,65.83
9/2/2003,0,0,15.26,30.54,34.68,65.32
8/26/2003,0,0.01,13.44,24.01,33.2,66.8
8/19/2003,0,0,12.7,24.08,33.19,66.81
8/12/2003,0,0.01,8.37,24.75,36.07,63.93
8/5/2003,0,0.05,9.1,25.72,36.63,63.37
7/29/2003,0,0.03,8.43,24.76,36.1,63.9
7/22/2003,0,0.01,8.9,26.04,37.04,62.96
7/15/2003,0,0,9.19,25.28,37.86,62.14
7/8/2003,0,0,9.38,25.72,37.59,62.41
7/1/2003,0,0.03,8.45,25.06,36.86,63.14
6/24/2003,0,0.04,8.28,25.23,35.3,64.7
6/17/2003,0,0.1,8.23,25.85,36.17,63.83
6/10/2003,0,0,8.66,25.72,36.3,63.7
6/3/2003,0,0,8.99,26.16,36.68,63.32
5/27/2003,0,0,8.38,25.13,34.95,65.05
5/20/2003,0,0,8.47,25.01,35.85,64.15
5/13/2003,0,0,8.03,25.47,36.19,63.81
5/6/2003,0,0,8.33,30.12,41.29,58.71
4/29/2003,0,0,7.67,29.46,40.63,59.37
4/22/2003,0,0.04,8.75,30.85,40.28,59.72
4/15/2003,0,0.05,10.17,29,41.44,58.56
4/8/2003,0,0.17,11.39,32.74,59.87,40.13
4/1/2003,0,0.21,11.57,32.57,60.36,39.64
3/25/2003,0,0.1,11.33,32.1,48.17,51.83
3/18/2003,0,0.04,11.55,32.9,48.5,51.5
3/11/2003,0,1.2,21.85,33.71,54.86,45.14
3/4/2003,0,1.35,21.81,30.65,39.83,60.17
2/25/2003,0,7.62,20.61,34.46,41.9,58.1
2/18/2003,0,7.93,20.69,34.47,42.18,57.82
2/11/2003,0,14.91,28.32,38.83,54.61,45.39
2/4/2003,0,15.7,25.8,31.78,52.64,47.36
1/28/2003,0,15.67,25.24,29.56,48.26,51.74
1/21/2003,0,17.18,24.2,29.7,38.93,61.07
1/14/2003,0,17.08,25.39,30.81,39.29,60.71
1/7/2003,0,16.93,25.42,32.14,41.84,58.16
12/31/2002,0,17.19,26.06,32.23,41.61,58.39
12/24/2002,0,17.58,26.29,33.12,43.44,56.56
12/17/2002,0,17.18,29.12,35.75,57.9,42.1
12/10/2002,0,17.39,30.89,51.74,100,0
12/3/2002,0,17.35,28.16,35.26,94.34,5.66
11/26/2002,0,20.81,28.59,36.15,95.04,4.96
11/19/2002,0,20.68,28.21,35.87,94.45,5.55
11/12/2002,0,20.41,28.1,35.19,94.71,5.29
11/5/2002,0,24.48,47.2,75.48,100,0
10/29/2002,0,24.28,39.41,72.23,100,0
10/22/2002,0,23.89,39.65,72.01,100,0
10/15/2002,0,23.64,39.6,70.48,100,0
10/8/2002,0,23.64,39.66,70.73,100,0
10/1/2002,0,23.61,38.19,51.75,93.88,6.12
9/24/2002,0,23.98,39.64,56.14,94.5,5.5
9/17/2002,0,23.92,39.39,55.61,94.23,5.77
9/10/2002,0,23.63,40.45,55.24,94.9,5.1
9/3/2002,0,22.95,39.93,56.36,94.72,5.28
8/27/2002,0,24.21,39.99,56.24,95.11,4.89
8/20/2002,0,23.95,40.31,56.57,95.01,4.99
8/13/2002,0,26.32,40.03,56.66,95.01,4.99
8/6/2002,0,26.05,40.05,56.22,94.77,5.23
7/30/2002,0,24.45,39.71,55.35,95.01,4.99
7/23/2002,0,23.07,37.9,55.3,94.31,5.69
7/16/2002,0,23.2,36.28,51.55,93.33,6.67
7/9/2002,0,15.15,36.09,53.57,93.45,6.55
7/2/2002,0,13.67,35.76,53.31,92.55,7.45
6/25/2002,0,13.46,35.49,52.99,92.44,7.56
6/18/2002,0,9.07,33.2,48.22,81.99,18.01
6/11/2002,0,4.09,27.08,42.35,82.14,17.86
6/4/2002,0,3.93,26.85,42.05,82.01,17.99
5/28/2002,0,3.87,27.18,41.79,80.11,19.89
5/21/2002,0,0.45,26.07,36.83,46.51,53.49
5/14/2002,0,0.55,26.59,37.31,46.73,53.27
5/7/2002,0,0.45,26.21,37.13,46.46,53.54
4/30/2002,0,0.45,26.4,37.89,46.74,53.26
4/23/2002,0,0,29.12,37.98,47.15,52.85
4/16/2002,0,0,29.37,38.23,47.39,52.61
4/9/2002,0,0,19.1,35.6,45.89,54.11
4/2/2002,0,0,6.56,26.77,44.82,55.18
3/26/2002,0,0,1.56,22.32,45.17,54.83
3/19/2002,0,0,0,22.3,44.4,55.6
3/12/2002,0,0,0,21.95,46.65,53.35
3/5/2002,0,0,0,0.29,47.09,52.91
2/26/2002,0,0,0,0.17,45.49,54.51
2/19/2002,0,0,0,0.07,45.24,54.76
2/12/2002,0,0,0,0.28,46.04,53.96
2/5/2002,0,0,0,0.16,24.43,75.57
1/29/2002,0,0,0,0.15,12.21,87.79
1/22/2002,0,0,0,0.11,12.76,87.24
1/15/2002,0,0,0,0.27,7.42,92.58
1/8/2002,0,0,0,0.11,7.16,92.84
1/1/2002,0,0,4.92,11.08,22.58,77.42
12/25/2001,0,0,9.92,18.81,33.47,66.53
12/18/2001,0,3.2,17.9,30.49,48.55,51.45
12/11/2001,0,6.77,20.09,30.49,51.64,48.36
12/4/2001,0,7.56,21.4,34.41,54.25,45.75
11/27/2001,0,17.59,30.64,45.1,59.07,40.93
11/20/2001,0,18.22,30.64,47.53,70.38,29.62
11/13/2001,0,18.22,32.69,47.53,70.38,29.62
11/6/2001,0,18.22,32.69,47.53,70.38,29.62
10/30/2001,0,18.22,32.69,47.53,70.38,29.62
10/23/2001,0,18.95,33.58,47.53,70.38,29.62
10/16/2001,0,18.95,33.58,47.53,70.38,29.62
10/9/2001,0,18.95,33.58,47.53,66.01,33.99
10/2/2001,0,18.95,33.57,47.53,66.01,33.99
9/25/2001,0,18.95,33.58,47.53,66.01,33.99
9/18/2001,0,18.95,33.58,47.53,66.01,33.99
9/11/2001,0,18.95,33.58,47.53,66.01,33.99
9/4/2001,0,18.6,28.25,35.87,49.72,50.28
8/28/2001,0,18.6,28.25,35.87,49.72,50.28
8/21/2001,0,16.26,25.19,32.15,47,53
8/14/2001,0,10.31,19.79,27.19,45.18,54.82
8/7/2001,0,9.69,19.79,27.19,45.18,54.82
7/31/2001,0,9.69,19.79,27.19,45.18,54.82
7/24/2001,0,9.69,19.79,27.19,45.18,54.82
7/17/2001,0,9.69,19.79,27.19,44.06,55.94
7/10/2001,0,9.69,17.04,26.69,43.92,56.08
7/3/2001,0,4.72,18.48,27.59,57.98,42.02
6/26/2001,0,0.93,17.28,27.59,53.88,46.12
6/19/2001,0,0.2,15.87,25.96,53.52,46.48
6/12/2001,0,0.05,8.93,24.34,50.15,49.85
6/5/2001,0,0.05,8.24,22.39,50.15,49.85
5/29/2001,0,0.04,6.1,17.23,40.35,59.65
5/22/2001,0,0.05,3.44,17.23,40.35,59.65
5/15/2001,0,0.05,3.44,17.23,40.35,59.65
5/8/2001,0,0.07,3.44,14.71,33.5,66.5
5/1/2001,0,0.58,3.44,14.71,33.5,66.5
4/24/2001,0,0.58,3.44,14.71,33.5,66.5
4/17/2001,0,0.58,3.44,14.71,33.5,66.5
4/10/2001,0,0.58,3.44,13.11,25.99,74.01
4/3/2001,0,0.58,3.44,12.93,30.21,69.79
3/27/2001,0,0,0.08,4.65,26.6,73.4
3/20/2001,0,0,0.08,4.65,26.6,73.4
3/13/2001,0,0,0,2.97,26.89,73.11
3/6/2001,0,0,0,2.97,26.89,73.11
2/27/2001,0,0,0,2.95,26.89,73.11
2/20/2001,0,0,0,2.28,31.9,68.1
2/13/2001,0,0,0,2.68,37.05,62.95
2/6/2001,0,0,0,0,36.35,63.65
1/30/2001,0,0,0,0,19.95,80.05
1/23/2001,0,0,0,0,25.77,74.23
1/16/2001,0,0,0,0,14.74,85.26
1/9/2001,0,0,0,0,43.67,56.33
1/2/2001,0,0,0,0,30.87,69.13
12/26/2000,0,0,0,0,0,100
12/19/2000,0,0,0,0,0,100
12/12/2000,0,0,0,0,0,100
12/5/2000,0,0,0,0,0,100
11/28/2000,0,0,0,0,0,100
11/21/2000,0,0,0,0,0,100
11/14/2000,0,0,0,0,0,100
11/7/2000,0,0,0,0,0,100
10/31/2000,0,0,0,0,0,100
10/24/2000,0,0,0,0,11.85,88.15
10/17/2000,0,0,0,0,15.92,84.08
10/10/2000,0,0,0,0,12.7,87.3
10/3/2000,0,0,0,0,12.7,87.3
9/26/2000,0,0,0,0,12.7,87.3
9/19/2000,0,0,0,0,12.18,87.82
9/12/2000,0,0,0,0,12.18,87.82
9/5/2000,0,0,0,0,12.18,87.82
8/29/2000,0,0,0,0,22.79,77.21
8/22/2000,0,0,0,0.99,24.91,75.09
8/15/2000,0,0,0,1.72,24.91,75.09
8/8/2000,0,0,0,0,12.02,87.98
8/1/2000,0,0,0,0,7.61,92.39
7/25/2000,0,0,0,0,7.61,92.39
7/18/2000,0,0,0,0,0,100
7/11/2000,0,0,0,0,0,100
7/4/2000,0,0,0,0,0,100
6/27/2000,0,0,0,0,0,100
6/20/2000,0,0,0,0,0,100
6/13/2000,0,0,0,0,0,100
6/6/2000,0,0,0,0,0,100
5/30/2000,0,0,0,0,0,100
5/23/2000,0,0,0,0,0,100
5/16/2000,0,0,0,0,0,100
5/9/2000,0,0,0,0,0,100
5/2/2000,0,0,0,0,0,100
4/25/2000,0,0,0,0,0,100
4/18/2000,0,0,0,0,4.07,95.93
4/11/2000,0,0,0,0,2.98,97.02
4/4/2000,0,0,0,0,2.98,97.02
3/28/2000,0,0,0,0,2.72,97.28
3/21/2000,0,0,0,0,2.55,97.45
3/14/2000,0,0,0,0,2.55,97.45
3/7/2000,0,0,0,0.03,9.44,90.56
2/29/2000,0,0,0,0.05,16.29,83.71
2/22/2000,0,0,0,0,18.71,81.29
2/15/2000,0,0,0,0,43.61,56.39
2/8/2000,0,0,0,0,44.2,55.8
2/1/2000,0,0,0,0,50.88,49.12
1/25/2000,0,0,0,0,55.97,44.03
1/18/2000,0,0,0,0,72.03,27.97
1/11/2000,0,0,0,0,81.75,18.25
1/4/2000,0,0,0,0,48.17,51.83
